"Program","Year","Period","Week Ending","Geo Level","State","State ANSI","Ag District","Ag District Code","County","County ANSI","Zip Code","Region","watershed_code","Watershed","Commodity","Data Item","Domain","Domain Category","Value","CV (%)"
"SURVEY","2024","YEAR","","STATE","CALIFORNIA","06","","","","","","","00000000","","PUMPKINS","PUMPKINS - PRODUCTION, MEASURED IN CWT","TOTAL","NOT SPECIFIED","1,057,500",""
"SURVEY","2024","YEAR","","STATE","ILLINOIS","17","","","","","","","00000000","","PUMPKINS","PUMPKINS - PRODUCTION, MEASURED IN CWT","TOTAL","NOT SPECIFIED","4,851,000",""
"SURVEY","2024","YEAR","","STATE","INDIANA","18","","","","","","","00000000","","PUMPKINS","PUMPKINS - PRODUCTION, MEASURED IN CWT","TOTAL","NOT SPECIFIED","1,597,500",""
"SURVEY","2024","YEAR","","STATE","MICHIGAN","26","","","","","","","00000000","","PUMPKINS","PUMPKINS - PRODUCTION, MEASURED IN CWT","TOTAL","NOT SPECIFIED","1,045,500",""
"SURVEY","2024","YEAR","","STATE","NEW YORK","36","","","","","","","00000000","","PUMPKINS","PUMPKINS - PRODUCTION, MEASURED IN CWT","TOTAL","NOT SPECIFIED","460,000",""
"SURVEY","2024","YEAR","","STATE","NORTH CAROLINA","37","","","","","","","00000000","","PUMPKINS","PUMPKINS - PRODUCTION, MEASURED IN CWT","TOTAL","NOT SPECIFIED","451,000",""
"SURVEY","2024","YEAR","","STATE","OHIO","39","","","","","","","00000000","","PUMPKINS","PUMPKINS - PRODUCTION, MEASURED IN CWT","TOTAL","NOT SPECIFIED","675,000",""
"SURVEY","2024","YEAR","","STATE","OREGON","41","","","","","","","00000000","","PUMPKINS","PUMPKINS - PRODUCTION, MEASURED IN CWT","TOTAL","NOT SPECIFIED"," (D)",""
"SURVEY","2024","YEAR","","STATE","OTHER STATES","","","","","","","","00000000","","PUMPKINS","PUMPKINS - PRODUCTION, MEASURED IN CWT","TOTAL","NOT SPECIFIED","1,587,500",""
"SURVEY","2024","YEAR","","STATE","PENNSYLVANIA","42","","","","","","","00000000","","PUMPKINS","PUMPKINS - PRODUCTION, MEASURED IN CWT","TOTAL","NOT SPECIFIED","1,088,000",""
"SURVEY","2024","YEAR","","STATE","TEXAS","48","","","","","","","00000000","","PUMPKINS","PUMPKINS - PRODUCTION, MEASURED IN CWT","TOTAL","NOT SPECIFIED"," (D)",""
"SURVEY","2024","YEAR","","STATE","VIRGINIA","51","","","","","","","00000000","","PUMPKINS","PUMPKINS - PRODUCTION, MEASURED IN CWT","TOTAL","NOT SPECIFIED","540,500",""
"SURVEY","2024","YEAR","","STATE","WASHINGTON","53","","","","","","","00000000","","PUMPKINS","PUMPKINS - PRODUCTION, MEASURED IN CWT","TOTAL","NOT SPECIFIED","570,000",""
"SURVEY","2024","YEAR","","STATE","WISCONSIN","55","","","","","","","00000000","","PUMPKINS","PUMPKINS - PRODUCTION, MEASURED IN CWT","TOTAL","NOT SPECIFIED","496,000",""
"SURVEY","2023","YEAR","","STATE","CALIFORNIA","06","","","","","","","00000000","","PUMPKINS","PUMPKINS - PRODUCTION, MEASURED IN CWT","TOTAL","NOT SPECIFIED","1,530,000",""
"SURVEY","2023","YEAR","","STATE","ILLINOIS","17","","","","","","","00000000","","PUMPKINS","PUMPKINS - PRODUCTION, MEASURED IN CWT","TOTAL","NOT SPECIFIED","6,930,000",""
"SURVEY","2023","YEAR","","STATE","INDIANA","18","","","","","","","00000000","","PUMPKINS","PUMPKINS - PRODUCTION, MEASURED IN CWT","TOTAL","NOT SPECIFIED","1,462,500",""
"SURVEY","2023","YEAR","","STATE","MICHIGAN","26","","","","","","","00000000","","PUMPKINS","PUMPKINS - PRODUCTION, MEASURED IN CWT","TOTAL","NOT SPECIFIED","787,500",""
"SURVEY","2023","YEAR","","STATE","NEW YORK","36","","","","","","","00000000","","PUMPKINS","PUMPKINS - PRODUCTION, MEASURED IN CWT","TOTAL","NOT SPECIFIED","307,800",""
"SURVEY","2023","YEAR","","STATE","NORTH CAROLINA","37","","","","","","","00000000","","PUMPKINS","PUMPKINS - PRODUCTION, MEASURED IN CWT","TOTAL","NOT SPECIFIED","714,000",""
"SURVEY","2023","YEAR","","STATE","OHIO","39","","","","","","","00000000","","PUMPKINS","PUMPKINS - PRODUCTION, MEASURED IN CWT","TOTAL","NOT SPECIFIED","800,000",""
"SURVEY","2023","YEAR","","STATE","OREGON","41","","","","","","","00000000","","PUMPKINS","PUMPKINS - PRODUCTION, MEASURED IN CWT","TOTAL","NOT SPECIFIED"," (D)",""
"SURVEY","2023","YEAR","","STATE","OTHER STATES","","","","","","","","00000000","","PUMPKINS","PUMPKINS - PRODUCTION, MEASURED IN CWT","TOTAL","NOT SPECIFIED","1,199,500",""
"SURVEY","2023","YEAR","","STATE","PENNSYLVANIA","42","","","","","","","00000000","","PUMPKINS","PUMPKINS - PRODUCTION, MEASURED IN CWT","TOTAL","NOT SPECIFIED","918,000",""
"SURVEY","2023","YEAR","","STATE","TEXAS","48","","","","","","","00000000","","PUMPKINS","PUMPKINS - PRODUCTION, MEASURED IN CWT","TOTAL","NOT SPECIFIED"," (D)",""
"SURVEY","2023","YEAR","","STATE","VIRGINIA","51","","","","","","","00000000","","PUMPKINS","PUMPKINS - PRODUCTION, MEASURED IN CWT","TOTAL","NOT SPECIFIED","483,000",""
"SURVEY","2023","YEAR","","STATE","WASHINGTON","53","","","","","","","00000000","","PUMPKINS","PUMPKINS - PRODUCTION, MEASURED IN CWT","TOTAL","NOT SPECIFIED","490,000",""
"SURVEY","2023","YEAR","","STATE","WISCONSIN","55","","","","","","","00000000","","PUMPKINS","PUMPKINS - PRODUCTION, MEASURED IN CWT","TOTAL","NOT SPECIFIED","348,000",""
"SURVEY","2022","YEAR","","STATE","CALIFORNIA","06","","","","","","","00000000","","PUMPKINS","PUMPKINS - PRODUCTION, MEASURED IN CWT","TOTAL","NOT SPECIFIED","1,323,000",""
"SURVEY","2022","YEAR","","STATE","ILLINOIS","17","","","","","","","00000000","","PUMPKINS","PUMPKINS - PRODUCTION, MEASURED IN CWT","TOTAL","NOT SPECIFIED","6,732,000",""
"SURVEY","2022","YEAR","","STATE","INDIANA","18","","","","","","","00000000","","PUMPKINS","PUMPKINS - PRODUCTION, MEASURED IN CWT","TOTAL","NOT SPECIFIED","1,785,000",""
"SURVEY","2022","YEAR","","STATE","MICHIGAN","26","","","","","","","00000000","","PUMPKINS","PUMPKINS - PRODUCTION, MEASURED IN CWT","TOTAL","NOT SPECIFIED","931,000",""
"SURVEY","2022","YEAR","","STATE","NEW YORK","36","","","","","","","00000000","","PUMPKINS","PUMPKINS - PRODUCTION, MEASURED IN CWT","TOTAL","NOT SPECIFIED","575,000",""
"SURVEY","2022","YEAR","","STATE","NORTH CAROLINA","37","","","","","","","00000000","","PUMPKINS","PUMPKINS - PRODUCTION, MEASURED IN CWT","TOTAL","NOT SPECIFIED","799,500",""
"SURVEY","2022","YEAR","","STATE","OHIO","39","","","","","","","00000000","","PUMPKINS","PUMPKINS - PRODUCTION, MEASURED IN CWT","TOTAL","NOT SPECIFIED","735,000",""
"SURVEY","2022","YEAR","","STATE","OREGON","41","","","","","","","00000000","","PUMPKINS","PUMPKINS - PRODUCTION, MEASURED IN CWT","TOTAL","NOT SPECIFIED","532,000",""
"SURVEY","2022","YEAR","","STATE","OTHER STATES","","","","","","","","00000000","","PUMPKINS","PUMPKINS - PRODUCTION, MEASURED IN CWT","TOTAL","NOT SPECIFIED","1,793,500",""
"SURVEY","2022","YEAR","","STATE","PENNSYLVANIA","42","","","","","","","00000000","","PUMPKINS","PUMPKINS - PRODUCTION, MEASURED IN CWT","TOTAL","NOT SPECIFIED","812,000",""
"SURVEY","2022","YEAR","","STATE","TEXAS","48","","","","","","","00000000","","PUMPKINS","PUMPKINS - PRODUCTION, MEASURED IN CWT","TOTAL","NOT SPECIFIED"," (D)",""
"SURVEY","2022","YEAR","","STATE","VIRGINIA","51","","","","","","","00000000","","PUMPKINS","PUMPKINS - PRODUCTION, MEASURED IN CWT","TOTAL","NOT SPECIFIED","533,000",""
"SURVEY","2022","YEAR","","STATE","WASHINGTON","53","","","","","","","00000000","","PUMPKINS","PUMPKINS - PRODUCTION, MEASURED IN CWT","TOTAL","NOT SPECIFIED","840,000",""
"SURVEY","2022","YEAR","","STATE","WISCONSIN","55","","","","","","","00000000","","PUMPKINS","PUMPKINS - PRODUCTION, MEASURED IN CWT","TOTAL","NOT SPECIFIED"," (D)",""
"SURVEY","2021","YEAR","","STATE","CALIFORNIA","06","","","","","","","00000000","","PUMPKINS","PUMPKINS - PRODUCTION, MEASURED IN CWT","TOTAL","NOT SPECIFIED","1,396,500",""
"SURVEY","2021","YEAR","","STATE","ILLINOIS","17","","","","","","","00000000","","PUMPKINS","PUMPKINS - PRODUCTION, MEASURED IN CWT","TOTAL","NOT SPECIFIED","6,519,000",""
"SURVEY","2021","YEAR","","STATE","INDIANA","18","","","","","","","00000000","","PUMPKINS","PUMPKINS - PRODUCTION, MEASURED IN CWT","TOTAL","NOT SPECIFIED","1,813,000",""
"SURVEY","2021","YEAR","","STATE","MICHIGAN","26","","","","","","","00000000","","PUMPKINS","PUMPKINS - PRODUCTION, MEASURED IN CWT","TOTAL","NOT SPECIFIED","892,500",""
"SURVEY","2021","YEAR","","STATE","NEW YORK","36","","","","","","","00000000","","PUMPKINS","PUMPKINS - PRODUCTION, MEASURED IN CWT","TOTAL","NOT SPECIFIED","705,000",""
"SURVEY","2021","YEAR","","STATE","NORTH CAROLINA","37","","","","","","","00000000","","PUMPKINS","PUMPKINS - PRODUCTION, MEASURED IN CWT","TOTAL","NOT SPECIFIED","292,300",""
"SURVEY","2021","YEAR","","STATE","OHIO","39","","","","","","","00000000","","PUMPKINS","PUMPKINS - PRODUCTION, MEASURED IN CWT","TOTAL","NOT SPECIFIED","722,000",""
"SURVEY","2021","YEAR","","STATE","OREGON","41","","","","","","","00000000","","PUMPKINS","PUMPKINS - PRODUCTION, MEASURED IN CWT","TOTAL","NOT SPECIFIED","612,500",""
"SURVEY","2021","YEAR","","STATE","PENNSYLVANIA","42","","","","","","","00000000","","PUMPKINS","PUMPKINS - PRODUCTION, MEASURED IN CWT","TOTAL","NOT SPECIFIED","816,000",""
"SURVEY","2021","YEAR","","STATE","TEXAS","48","","","","","","","00000000","","PUMPKINS","PUMPKINS - PRODUCTION, MEASURED IN CWT","TOTAL","NOT SPECIFIED","1,080,000",""
"SURVEY","2021","YEAR","","STATE","VIRGINIA","51","","","","","","","00000000","","PUMPKINS","PUMPKINS - PRODUCTION, MEASURED IN CWT","TOTAL","NOT SPECIFIED","822,500",""
"SURVEY","2021","YEAR","","STATE","WASHINGTON","53","","","","","","","00000000","","PUMPKINS","PUMPKINS - PRODUCTION, MEASURED IN CWT","TOTAL","NOT SPECIFIED","607,500",""
"SURVEY","2021","YEAR","","STATE","WISCONSIN","55","","","","","","","00000000","","PUMPKINS","PUMPKINS - PRODUCTION, MEASURED IN CWT","TOTAL","NOT SPECIFIED","379,500",""
"SURVEY","2020","YEAR","","STATE","CALIFORNIA","06","","","","","","","00000000","","PUMPKINS","PUMPKINS - PRODUCTION, MEASURED IN CWT","TOTAL","NOT SPECIFIED","999,000",""
"SURVEY","2020","YEAR","","STATE","ILLINOIS","17","","","","","","","00000000","","PUMPKINS","PUMPKINS - PRODUCTION, MEASURED IN CWT","TOTAL","NOT SPECIFIED","5,573,500",""
"SURVEY","2020","YEAR","","STATE","INDIANA","18","","","","","","","00000000","","PUMPKINS","PUMPKINS - PRODUCTION, MEASURED IN CWT","TOTAL","NOT SPECIFIED","960,000",""
"SURVEY","2020","YEAR","","STATE","MICHIGAN","26","","","","","","","00000000","","PUMPKINS","PUMPKINS - PRODUCTION, MEASURED IN CWT","TOTAL","NOT SPECIFIED","864,000",""
"SURVEY","2020","YEAR","","STATE","NEW YORK","36","","","","","","","00000000","","PUMPKINS","PUMPKINS - PRODUCTION, MEASURED IN CWT","TOTAL","NOT SPECIFIED","525,000",""
"SURVEY","2020","YEAR","","STATE","NORTH CAROLINA","37","","","","","","","00000000","","PUMPKINS","PUMPKINS - PRODUCTION, MEASURED IN CWT","TOTAL","NOT SPECIFIED","117,000",""
"SURVEY","2020","YEAR","","STATE","OHIO","39","","","","","","","00000000","","PUMPKINS","PUMPKINS - PRODUCTION, MEASURED IN CWT","TOTAL","NOT SPECIFIED","346,500",""
"SURVEY","2020","YEAR","","STATE","OREGON","41","","","","","","","00000000","","PUMPKINS","PUMPKINS - PRODUCTION, MEASURED IN CWT","TOTAL","NOT SPECIFIED","517,000",""
"SURVEY","2020","YEAR","","STATE","OTHER STATES","","","","","","","","00000000","","PUMPKINS","PUMPKINS - PRODUCTION, MEASURED IN CWT","TOTAL","NOT SPECIFIED","0",""
"SURVEY","2020","YEAR","","STATE","PENNSYLVANIA","42","","","","","","","00000000","","PUMPKINS","PUMPKINS - PRODUCTION, MEASURED IN CWT","TOTAL","NOT SPECIFIED","672,000",""
"SURVEY","2020","YEAR","","STATE","TEXAS","48","","","","","","","00000000","","PUMPKINS","PUMPKINS - PRODUCTION, MEASURED IN CWT","TOTAL","NOT SPECIFIED","999,000",""
"SURVEY","2020","YEAR","","STATE","VIRGINIA","51","","","","","","","00000000","","PUMPKINS","PUMPKINS - PRODUCTION, MEASURED IN CWT","TOTAL","NOT SPECIFIED","828,000",""
"SURVEY","2020","YEAR","","STATE","WASHINGTON","53","","","","","","","00000000","","PUMPKINS","PUMPKINS - PRODUCTION, MEASURED IN CWT","TOTAL","NOT SPECIFIED","587,500",""
"SURVEY","2020","YEAR","","STATE","WISCONSIN","55","","","","","","","00000000","","PUMPKINS","PUMPKINS - PRODUCTION, MEASURED IN CWT","TOTAL","NOT SPECIFIED","223,300",""
"SURVEY","2019","YEAR","","STATE","CALIFORNIA","06","","","","","","","00000000","","PUMPKINS","PUMPKINS - PRODUCTION, MEASURED IN CWT","TOTAL","NOT SPECIFIED","1,198,500",""
"SURVEY","2019","YEAR","","STATE","ILLINOIS","17","","","","","","","00000000","","PUMPKINS","PUMPKINS - PRODUCTION, MEASURED IN CWT","TOTAL","NOT SPECIFIED","4,196,500",""
"SURVEY","2019","YEAR","","STATE","INDIANA","18","","","","","","","00000000","","PUMPKINS","PUMPKINS - PRODUCTION, MEASURED IN CWT","TOTAL","NOT SPECIFIED","1,298,500",""
"SURVEY","2019","YEAR","","STATE","MICHIGAN","26","","","","","","","00000000","","PUMPKINS","PUMPKINS - PRODUCTION, MEASURED IN CWT","TOTAL","NOT SPECIFIED","810,000",""
"SURVEY","2019","YEAR","","STATE","NEW YORK","36","","","","","","","00000000","","PUMPKINS","PUMPKINS - PRODUCTION, MEASURED IN CWT","TOTAL","NOT SPECIFIED","360,000",""
"SURVEY","2019","YEAR","","STATE","NORTH CAROLINA","37","","","","","","","00000000","","PUMPKINS","PUMPKINS - PRODUCTION, MEASURED IN CWT","TOTAL","NOT SPECIFIED","713,000",""
"SURVEY","2019","YEAR","","STATE","OHIO","39","","","","","","","00000000","","PUMPKINS","PUMPKINS - PRODUCTION, MEASURED IN CWT","TOTAL","NOT SPECIFIED","437,500",""
"SURVEY","2019","YEAR","","STATE","OREGON","41","","","","","","","00000000","","PUMPKINS","PUMPKINS - PRODUCTION, MEASURED IN CWT","TOTAL","NOT SPECIFIED","598,500",""
"SURVEY","2019","YEAR","","STATE","OTHER STATES","","","","","","","","00000000","","PUMPKINS","PUMPKINS - PRODUCTION, MEASURED IN CWT","TOTAL","NOT SPECIFIED","1,834,000",""
"SURVEY","2019","YEAR","","STATE","PENNSYLVANIA","42","","","","","","","00000000","","PUMPKINS","PUMPKINS - PRODUCTION, MEASURED IN CWT","TOTAL","NOT SPECIFIED","661,500",""
"SURVEY","2019","YEAR","","STATE","TEXAS","48","","","","","","","00000000","","PUMPKINS","PUMPKINS - PRODUCTION, MEASURED IN CWT","TOTAL","NOT SPECIFIED"," (D)",""
"SURVEY","2019","YEAR","","STATE","VIRGINIA","51","","","","","","","00000000","","PUMPKINS","PUMPKINS - PRODUCTION, MEASURED IN CWT","TOTAL","NOT SPECIFIED","924,000",""
"SURVEY","2019","YEAR","","STATE","WASHINGTON","53","","","","","","","00000000","","PUMPKINS","PUMPKINS - PRODUCTION, MEASURED IN CWT","TOTAL","NOT SPECIFIED","442,000",""
"SURVEY","2019","YEAR","","STATE","WISCONSIN","55","","","","","","","00000000","","PUMPKINS","PUMPKINS - PRODUCTION, MEASURED IN CWT","TOTAL","NOT SPECIFIED"," (D)",""
"SURVEY","2018","YEAR","","STATE","CALIFORNIA","06","","","","","","","00000000","","PUMPKINS","PUMPKINS - PRODUCTION, MEASURED IN CWT","TOTAL","NOT SPECIFIED","1,347,500",""
"SURVEY","2018","YEAR","","STATE","ILLINOIS","17","","","","","","","00000000","","PUMPKINS","PUMPKINS - PRODUCTION, MEASURED IN CWT","TOTAL","NOT SPECIFIED","5,170,000",""
"SURVEY","2018","YEAR","","STATE","INDIANA","18","","","","","","","00000000","","PUMPKINS","PUMPKINS - PRODUCTION, MEASURED IN CWT","TOTAL","NOT SPECIFIED","1,311,000",""
"SURVEY","2018","YEAR","","STATE","MICHIGAN","26","","","","","","","00000000","","PUMPKINS","PUMPKINS - PRODUCTION, MEASURED IN CWT","TOTAL","NOT SPECIFIED","1,026,000",""
"SURVEY","2018","YEAR","","STATE","MINNESOTA","27","","","","","","","00000000","","PUMPKINS","PUMPKINS - PRODUCTION, MEASURED IN CWT","TOTAL","NOT SPECIFIED","427,000",""
"SURVEY","2018","YEAR","","STATE","NEW JERSEY","34","","","","","","","00000000","","PUMPKINS","PUMPKINS - PRODUCTION, MEASURED IN CWT","TOTAL","NOT SPECIFIED","123,500",""
"SURVEY","2018","YEAR","","STATE","NEW YORK","36","","","","","","","00000000","","PUMPKINS","PUMPKINS - PRODUCTION, MEASURED IN CWT","TOTAL","NOT SPECIFIED","442,800",""
"SURVEY","2018","YEAR","","STATE","NORTH CAROLINA","37","","","","","","","00000000","","PUMPKINS","PUMPKINS - PRODUCTION, MEASURED IN CWT","TOTAL","NOT SPECIFIED","253,000",""
"SURVEY","2018","YEAR","","STATE","OHIO","39","","","","","","","00000000","","PUMPKINS","PUMPKINS - PRODUCTION, MEASURED IN CWT","TOTAL","NOT SPECIFIED","666,000",""
"SURVEY","2018","YEAR","","STATE","OREGON","41","","","","","","","00000000","","PUMPKINS","PUMPKINS - PRODUCTION, MEASURED IN CWT","TOTAL","NOT SPECIFIED","675,000",""
"SURVEY","2018","YEAR","","STATE","PENNSYLVANIA","42","","","","","","","00000000","","PUMPKINS","PUMPKINS - PRODUCTION, MEASURED IN CWT","TOTAL","NOT SPECIFIED","655,500",""
"SURVEY","2018","YEAR","","STATE","TENNESSEE","47","","","","","","","00000000","","PUMPKINS","PUMPKINS - PRODUCTION, MEASURED IN CWT","TOTAL","NOT SPECIFIED","116,800",""
"SURVEY","2018","YEAR","","STATE","TEXAS","48","","","","","","","00000000","","PUMPKINS","PUMPKINS - PRODUCTION, MEASURED IN CWT","TOTAL","NOT SPECIFIED","1,617,000",""
"SURVEY","2018","YEAR","","STATE","VIRGINIA","51","","","","","","","00000000","","PUMPKINS","PUMPKINS - PRODUCTION, MEASURED IN CWT","TOTAL","NOT SPECIFIED","1,066,000",""
"SURVEY","2018","YEAR","","STATE","WASHINGTON","53","","","","","","","00000000","","PUMPKINS","PUMPKINS - PRODUCTION, MEASURED IN CWT","TOTAL","NOT SPECIFIED","300,000",""
"SURVEY","2018","YEAR","","STATE","WISCONSIN","55","","","","","","","00000000","","PUMPKINS","PUMPKINS - PRODUCTION, MEASURED IN CWT","TOTAL","NOT SPECIFIED","244,200",""
"SURVEY","2017","YEAR","","STATE","CALIFORNIA","06","","","","","","","00000000","","PUMPKINS","PUMPKINS - PRODUCTION, MEASURED IN CWT","TOTAL","NOT SPECIFIED","1,452,000",""
"SURVEY","2017","YEAR","","STATE","ILLINOIS","17","","","","","","","00000000","","PUMPKINS","PUMPKINS - PRODUCTION, MEASURED IN CWT","TOTAL","NOT SPECIFIED","6,438,000",""
"SURVEY","2017","YEAR","","STATE","INDIANA","18","","","","","","","00000000","","PUMPKINS","PUMPKINS - PRODUCTION, MEASURED IN CWT","TOTAL","NOT SPECIFIED","960,000",""
"SURVEY","2017","YEAR","","STATE","MICHIGAN","26","","","","","","","00000000","","PUMPKINS","PUMPKINS - PRODUCTION, MEASURED IN CWT","TOTAL","NOT SPECIFIED","759,500",""
"SURVEY","2017","YEAR","","STATE","MINNESOTA","27","","","","","","","00000000","","PUMPKINS","PUMPKINS - PRODUCTION, MEASURED IN CWT","TOTAL","NOT SPECIFIED","162,000",""
"SURVEY","2017","YEAR","","STATE","NEW JERSEY","34","","","","","","","00000000","","PUMPKINS","PUMPKINS - PRODUCTION, MEASURED IN CWT","TOTAL","NOT SPECIFIED","199,500",""
"SURVEY","2017","YEAR","","STATE","NEW YORK","36","","","","","","","00000000","","PUMPKINS","PUMPKINS - PRODUCTION, MEASURED IN CWT","TOTAL","NOT SPECIFIED","588,000",""
"SURVEY","2017","YEAR","","STATE","NORTH CAROLINA","37","","","","","","","00000000","","PUMPKINS","PUMPKINS - PRODUCTION, MEASURED IN CWT","TOTAL","NOT SPECIFIED","567,000",""
"SURVEY","2017","YEAR","","STATE","OHIO","39","","","","","","","00000000","","PUMPKINS","PUMPKINS - PRODUCTION, MEASURED IN CWT","TOTAL","NOT SPECIFIED","595,000",""
"SURVEY","2017","YEAR","","STATE","OREGON","41","","","","","","","00000000","","PUMPKINS","PUMPKINS - PRODUCTION, MEASURED IN CWT","TOTAL","NOT SPECIFIED","450,000",""
"SURVEY","2017","YEAR","","STATE","PENNSYLVANIA","42","","","","","","","00000000","","PUMPKINS","PUMPKINS - PRODUCTION, MEASURED IN CWT","TOTAL","NOT SPECIFIED","1,138,500",""
"SURVEY","2017","YEAR","","STATE","TENNESSEE","47","","","","","","","00000000","","PUMPKINS","PUMPKINS - PRODUCTION, MEASURED IN CWT","TOTAL","NOT SPECIFIED","124,600",""
"SURVEY","2017","YEAR","","STATE","TEXAS","48","","","","","","","00000000","","PUMPKINS","PUMPKINS - PRODUCTION, MEASURED IN CWT","TOTAL","NOT SPECIFIED","877,500",""
"SURVEY","2017","YEAR","","STATE","VIRGINIA","51","","","","","","","00000000","","PUMPKINS","PUMPKINS - PRODUCTION, MEASURED IN CWT","TOTAL","NOT SPECIFIED","720,000",""
"SURVEY","2017","YEAR","","STATE","WASHINGTON","53","","","","","","","00000000","","PUMPKINS","PUMPKINS - PRODUCTION, MEASURED IN CWT","TOTAL","NOT SPECIFIED","468,000",""
"SURVEY","2017","YEAR","","STATE","WISCONSIN","55","","","","","","","00000000","","PUMPKINS","PUMPKINS - PRODUCTION, MEASURED IN CWT","TOTAL","NOT SPECIFIED","420,000",""
"SURVEY","2016","YEAR","","STATE","CALIFORNIA","06","","","","","","","00000000","","PUMPKINS","PUMPKINS - PRODUCTION, MEASURED IN CWT","TOTAL","NOT SPECIFIED","1,296,000",""
"SURVEY","2016","YEAR","","STATE","ILLINOIS","17","","","","","","","00000000","","PUMPKINS","PUMPKINS - PRODUCTION, MEASURED IN CWT","TOTAL","NOT SPECIFIED","6,786,000",""
"SURVEY","2016","YEAR","","STATE","INDIANA","18","","","","","","","00000000","","PUMPKINS","PUMPKINS - PRODUCTION, MEASURED IN CWT","TOTAL","NOT SPECIFIED","945,000",""
"SURVEY","2016","YEAR","","STATE","MICHIGAN","26","","","","","","","00000000","","PUMPKINS","PUMPKINS - PRODUCTION, MEASURED IN CWT","TOTAL","NOT SPECIFIED","790,500",""
"SURVEY","2016","YEAR","","STATE","MINNESOTA","27","","","","","","","00000000","","PUMPKINS","PUMPKINS - PRODUCTION, MEASURED IN CWT","TOTAL","NOT SPECIFIED","220,000",""
"SURVEY","2016","YEAR","","STATE","NEW JERSEY","34","","","","","","","00000000","","PUMPKINS","PUMPKINS - PRODUCTION, MEASURED IN CWT","TOTAL","NOT SPECIFIED","200,000",""
"SURVEY","2016","YEAR","","STATE","NEW YORK","36","","","","","","","00000000","","PUMPKINS","PUMPKINS - PRODUCTION, MEASURED IN CWT","TOTAL","NOT SPECIFIED","655,500",""
"SURVEY","2016","YEAR","","STATE","NORTH CAROLINA","37","","","","","","","00000000","","PUMPKINS","PUMPKINS - PRODUCTION, MEASURED IN CWT","TOTAL","NOT SPECIFIED","754,000",""
"SURVEY","2016","YEAR","","STATE","OHIO","39","","","","","","","00000000","","PUMPKINS","PUMPKINS - PRODUCTION, MEASURED IN CWT","TOTAL","NOT SPECIFIED","525,000",""
"SURVEY","2016","YEAR","","STATE","OREGON","41","","","","","","","00000000","","PUMPKINS","PUMPKINS - PRODUCTION, MEASURED IN CWT","TOTAL","NOT SPECIFIED","483,000",""
"SURVEY","2016","YEAR","","STATE","OTHER STATES","","","","","","","","00000000","","PUMPKINS","PUMPKINS - PRODUCTION, MEASURED IN CWT","TOTAL","NOT SPECIFIED","0",""
"SURVEY","2016","YEAR","","STATE","PENNSYLVANIA","42","","","","","","","00000000","","PUMPKINS","PUMPKINS - PRODUCTION, MEASURED IN CWT","TOTAL","NOT SPECIFIED","1,190,000",""
"SURVEY","2016","YEAR","","STATE","TENNESSEE","47","","","","","","","00000000","","PUMPKINS","PUMPKINS - PRODUCTION, MEASURED IN CWT","TOTAL","NOT SPECIFIED","210,000",""
"SURVEY","2016","YEAR","","STATE","TEXAS","48","","","","","","","00000000","","PUMPKINS","PUMPKINS - PRODUCTION, MEASURED IN CWT","TOTAL","NOT SPECIFIED","1,640,000",""
"SURVEY","2016","YEAR","","STATE","VIRGINIA","51","","","","","","","00000000","","PUMPKINS","PUMPKINS - PRODUCTION, MEASURED IN CWT","TOTAL","NOT SPECIFIED","612,000",""
"SURVEY","2016","YEAR","","STATE","WASHINGTON","53","","","","","","","00000000","","PUMPKINS","PUMPKINS - PRODUCTION, MEASURED IN CWT","TOTAL","NOT SPECIFIED","522,000",""
"SURVEY","2016","YEAR","","STATE","WISCONSIN","55","","","","","","","00000000","","PUMPKINS","PUMPKINS - PRODUCTION, MEASURED IN CWT","TOTAL","NOT SPECIFIED","352,000",""
"SURVEY","2015","YEAR","","STATE","CALIFORNIA","06","","","","","","","00000000","","PUMPKINS","PUMPKINS - PRODUCTION, MEASURED IN CWT","TOTAL","NOT SPECIFIED","1,464,000",""
"SURVEY","2015","YEAR","","STATE","ILLINOIS","17","","","","","","","00000000","","PUMPKINS","PUMPKINS - PRODUCTION, MEASURED IN CWT","TOTAL","NOT SPECIFIED","3,179,000",""
"SURVEY","2015","YEAR","","STATE","MICHIGAN","26","","","","","","","00000000","","PUMPKINS","PUMPKINS - PRODUCTION, MEASURED IN CWT","TOTAL","NOT SPECIFIED","770,000",""
"SURVEY","2015","YEAR","","STATE","NEW YORK","36","","","","","","","00000000","","PUMPKINS","PUMPKINS - PRODUCTION, MEASURED IN CWT","TOTAL","NOT SPECIFIED","489,000",""
"SURVEY","2015","YEAR","","STATE","OHIO","39","","","","","","","00000000","","PUMPKINS","PUMPKINS - PRODUCTION, MEASURED IN CWT","TOTAL","NOT SPECIFIED","842,000",""
"SURVEY","2015","YEAR","","STATE","PENNSYLVANIA","42","","","","","","","00000000","","PUMPKINS","PUMPKINS - PRODUCTION, MEASURED IN CWT","TOTAL","NOT SPECIFIED","794,000",""
"SURVEY","2014","YEAR","","STATE","CALIFORNIA","06","","","","","","","00000000","","PUMPKINS","PUMPKINS - PRODUCTION, MEASURED IN CWT","TOTAL","NOT SPECIFIED","1,798,000",""
"SURVEY","2014","YEAR","","STATE","ILLINOIS","17","","","","","","","00000000","","PUMPKINS","PUMPKINS - PRODUCTION, MEASURED IN CWT","TOTAL","NOT SPECIFIED","7,458,000",""
"SURVEY","2014","YEAR","","STATE","MICHIGAN","26","","","","","","","00000000","","PUMPKINS","PUMPKINS - PRODUCTION, MEASURED IN CWT","TOTAL","NOT SPECIFIED","970,000",""
"SURVEY","2014","YEAR","","STATE","NEW YORK","36","","","","","","","00000000","","PUMPKINS","PUMPKINS - PRODUCTION, MEASURED IN CWT","TOTAL","NOT SPECIFIED","690,000",""
"SURVEY","2014","YEAR","","STATE","OHIO","39","","","","","","","00000000","","PUMPKINS","PUMPKINS - PRODUCTION, MEASURED IN CWT","TOTAL","NOT SPECIFIED","1,053,000",""
"SURVEY","2014","YEAR","","STATE","PENNSYLVANIA","42","","","","","","","00000000","","PUMPKINS","PUMPKINS - PRODUCTION, MEASURED IN CWT","TOTAL","NOT SPECIFIED","1,050,000",""
"SURVEY","2013","YEAR","","STATE","CALIFORNIA","06","","","","","","","00000000","","PUMPKINS","PUMPKINS - PRODUCTION, MEASURED IN CWT","TOTAL","NOT SPECIFIED","1,947,000",""
"SURVEY","2013","YEAR","","STATE","ILLINOIS","17","","","","","","","00000000","","PUMPKINS","PUMPKINS - PRODUCTION, MEASURED IN CWT","TOTAL","NOT SPECIFIED","5,476,000",""
"SURVEY","2013","YEAR","","STATE","MICHIGAN","26","","","","","","","00000000","","PUMPKINS","PUMPKINS - PRODUCTION, MEASURED IN CWT","TOTAL","NOT SPECIFIED","978,000",""
"SURVEY","2013","YEAR","","STATE","NEW YORK","36","","","","","","","00000000","","PUMPKINS","PUMPKINS - PRODUCTION, MEASURED IN CWT","TOTAL","NOT SPECIFIED","960,000",""
"SURVEY","2013","YEAR","","STATE","OHIO","39","","","","","","","00000000","","PUMPKINS","PUMPKINS - PRODUCTION, MEASURED IN CWT","TOTAL","NOT SPECIFIED","1,004,000",""
"SURVEY","2013","YEAR","","STATE","PENNSYLVANIA","42","","","","","","","00000000","","PUMPKINS","PUMPKINS - PRODUCTION, MEASURED IN CWT","TOTAL","NOT SPECIFIED","856,000",""
"SURVEY","2012","YEAR","","STATE","CALIFORNIA","06","","","","","","","00000000","","PUMPKINS","PUMPKINS - PRODUCTION, MEASURED IN CWT","TOTAL","NOT SPECIFIED","1,870,000",""
"SURVEY","2012","YEAR","","STATE","ILLINOIS","17","","","","","","","00000000","","PUMPKINS","PUMPKINS - PRODUCTION, MEASURED IN CWT","TOTAL","NOT SPECIFIED","5,563,000",""
"SURVEY","2012","YEAR","","STATE","MICHIGAN","26","","","","","","","00000000","","PUMPKINS","PUMPKINS - PRODUCTION, MEASURED IN CWT","TOTAL","NOT SPECIFIED","945,000",""
"SURVEY","2012","YEAR","","STATE","NEW YORK","36","","","","","","","00000000","","PUMPKINS","PUMPKINS - PRODUCTION, MEASURED IN CWT","TOTAL","NOT SPECIFIED","1,071,000",""
"SURVEY","2012","YEAR","","STATE","OHIO","39","","","","","","","00000000","","PUMPKINS","PUMPKINS - PRODUCTION, MEASURED IN CWT","TOTAL","NOT SPECIFIED","1,440,000",""
"SURVEY","2012","YEAR","","STATE","PENNSYLVANIA","42","","","","","","","00000000","","PUMPKINS","PUMPKINS - PRODUCTION, MEASURED IN CWT","TOTAL","NOT SPECIFIED","1,147,000",""
"SURVEY","2011","YEAR","","STATE","CALIFORNIA","06","","","","","","","00000000","","PUMPKINS","PUMPKINS - PRODUCTION, MEASURED IN CWT","TOTAL","NOT SPECIFIED","1,674,000",""
"SURVEY","2011","YEAR","","STATE","ILLINOIS","17","","","","","","","00000000","","PUMPKINS","PUMPKINS - PRODUCTION, MEASURED IN CWT","TOTAL","NOT SPECIFIED","5,204,000",""
"SURVEY","2011","YEAR","","STATE","MICHIGAN","26","","","","","","","00000000","","PUMPKINS","PUMPKINS - PRODUCTION, MEASURED IN CWT","TOTAL","NOT SPECIFIED","986,000",""
"SURVEY","2011","YEAR","","STATE","NEW YORK","36","","","","","","","00000000","","PUMPKINS","PUMPKINS - PRODUCTION, MEASURED IN CWT","TOTAL","NOT SPECIFIED","693,000",""
"SURVEY","2011","YEAR","","STATE","OHIO","39","","","","","","","00000000","","PUMPKINS","PUMPKINS - PRODUCTION, MEASURED IN CWT","TOTAL","NOT SPECIFIED","1,122,000",""
"SURVEY","2011","YEAR","","STATE","PENNSYLVANIA","42","","","","","","","00000000","","PUMPKINS","PUMPKINS - PRODUCTION, MEASURED IN CWT","TOTAL","NOT SPECIFIED","1,026,000",""
"SURVEY","2010","YEAR","","STATE","CALIFORNIA","06","","","","","","","00000000","","PUMPKINS","PUMPKINS - PRODUCTION, MEASURED IN CWT","TOTAL","NOT SPECIFIED","1,984,000",""
"SURVEY","2010","YEAR","","STATE","ILLINOIS","17","","","","","","","00000000","","PUMPKINS","PUMPKINS - PRODUCTION, MEASURED IN CWT","TOTAL","NOT SPECIFIED","4,274,000",""
"SURVEY","2010","YEAR","","STATE","MICHIGAN","26","","","","","","","00000000","","PUMPKINS","PUMPKINS - PRODUCTION, MEASURED IN CWT","TOTAL","NOT SPECIFIED","952,000",""
"SURVEY","2010","YEAR","","STATE","NEW YORK","36","","","","","","","00000000","","PUMPKINS","PUMPKINS - PRODUCTION, MEASURED IN CWT","TOTAL","NOT SPECIFIED","1,462,000",""
"SURVEY","2010","YEAR","","STATE","OHIO","39","","","","","","","00000000","","PUMPKINS","PUMPKINS - PRODUCTION, MEASURED IN CWT","TOTAL","NOT SPECIFIED","1,104,000",""
"SURVEY","2010","YEAR","","STATE","PENNSYLVANIA","42","","","","","","","00000000","","PUMPKINS","PUMPKINS - PRODUCTION, MEASURED IN CWT","TOTAL","NOT SPECIFIED","972,000",""
"SURVEY","2009","YEAR","","STATE","CALIFORNIA","06","","","","","","","00000000","","PUMPKINS","PUMPKINS - PRODUCTION, MEASURED IN CWT","TOTAL","NOT SPECIFIED","1,479,000",""
"SURVEY","2009","YEAR","","STATE","ILLINOIS","17","","","","","","","00000000","","PUMPKINS","PUMPKINS - PRODUCTION, MEASURED IN CWT","TOTAL","NOT SPECIFIED","4,291,000",""
"SURVEY","2009","YEAR","","STATE","MICHIGAN","26","","","","","","","00000000","","PUMPKINS","PUMPKINS - PRODUCTION, MEASURED IN CWT","TOTAL","NOT SPECIFIED","737,000",""
"SURVEY","2009","YEAR","","STATE","NEW YORK","36","","","","","","","00000000","","PUMPKINS","PUMPKINS - PRODUCTION, MEASURED IN CWT","TOTAL","NOT SPECIFIED","750,000",""
"SURVEY","2009","YEAR","","STATE","OHIO","39","","","","","","","00000000","","PUMPKINS","PUMPKINS - PRODUCTION, MEASURED IN CWT","TOTAL","NOT SPECIFIED","1,237,000",""
"SURVEY","2009","YEAR","","STATE","PENNSYLVANIA","42","","","","","","","00000000","","PUMPKINS","PUMPKINS - PRODUCTION, MEASURED IN CWT","TOTAL","NOT SPECIFIED","819,000",""
"SURVEY","2008","YEAR","","STATE","CALIFORNIA","06","","","","","","","00000000","","PUMPKINS","PUMPKINS - PRODUCTION, MEASURED IN CWT","TOTAL","NOT SPECIFIED","1,484,000",""
"SURVEY","2008","YEAR","","STATE","ILLINOIS","17","","","","","","","00000000","","PUMPKINS","PUMPKINS - PRODUCTION, MEASURED IN CWT","TOTAL","NOT SPECIFIED","4,960,000",""
"SURVEY","2008","YEAR","","STATE","MICHIGAN","26","","","","","","","00000000","","PUMPKINS","PUMPKINS - PRODUCTION, MEASURED IN CWT","TOTAL","NOT SPECIFIED","986,000",""
"SURVEY","2008","YEAR","","STATE","NEW YORK","36","","","","","","","00000000","","PUMPKINS","PUMPKINS - PRODUCTION, MEASURED IN CWT","TOTAL","NOT SPECIFIED","1,062,000",""
"SURVEY","2008","YEAR","","STATE","OHIO","39","","","","","","","00000000","","PUMPKINS","PUMPKINS - PRODUCTION, MEASURED IN CWT","TOTAL","NOT SPECIFIED","931,000",""
"SURVEY","2008","YEAR","","STATE","PENNSYLVANIA","42","","","","","","","00000000","","PUMPKINS","PUMPKINS - PRODUCTION, MEASURED IN CWT","TOTAL","NOT SPECIFIED","1,240,000",""
"SURVEY","2007","YEAR","","STATE","CALIFORNIA","06","","","","","","","00000000","","PUMPKINS","PUMPKINS - PRODUCTION, MEASURED IN CWT","TOTAL","NOT SPECIFIED","1,224,000",""
"SURVEY","2007","YEAR","","STATE","ILLINOIS","17","","","","","","","00000000","","PUMPKINS","PUMPKINS - PRODUCTION, MEASURED IN CWT","TOTAL","NOT SPECIFIED","5,420,000",""
"SURVEY","2007","YEAR","","STATE","MICHIGAN","26","","","","","","","00000000","","PUMPKINS","PUMPKINS - PRODUCTION, MEASURED IN CWT","TOTAL","NOT SPECIFIED","713,000",""
"SURVEY","2007","YEAR","","STATE","NEW YORK","36","","","","","","","00000000","","PUMPKINS","PUMPKINS - PRODUCTION, MEASURED IN CWT","TOTAL","NOT SPECIFIED","1,152,000",""
"SURVEY","2007","YEAR","","STATE","OHIO","39","","","","","","","00000000","","PUMPKINS","PUMPKINS - PRODUCTION, MEASURED IN CWT","TOTAL","NOT SPECIFIED","2,013,000",""
"SURVEY","2007","YEAR","","STATE","PENNSYLVANIA","42","","","","","","","00000000","","PUMPKINS","PUMPKINS - PRODUCTION, MEASURED IN CWT","TOTAL","NOT SPECIFIED","936,000",""
"SURVEY","2006","YEAR","","STATE","CALIFORNIA","06","","","","","","","00000000","","PUMPKINS","PUMPKINS - PRODUCTION, MEASURED IN CWT","TOTAL","NOT SPECIFIED","1,325,000",""
"SURVEY","2006","YEAR","","STATE","ILLINOIS","17","","","","","","","00000000","","PUMPKINS","PUMPKINS - PRODUCTION, MEASURED IN CWT","TOTAL","NOT SPECIFIED","4,918,000",""
"SURVEY","2006","YEAR","","STATE","MICHIGAN","26","","","","","","","00000000","","PUMPKINS","PUMPKINS - PRODUCTION, MEASURED IN CWT","TOTAL","NOT SPECIFIED","855,000",""
"SURVEY","2006","YEAR","","STATE","NEW YORK","36","","","","","","","00000000","","PUMPKINS","PUMPKINS - PRODUCTION, MEASURED IN CWT","TOTAL","NOT SPECIFIED","798,000",""
"SURVEY","2006","YEAR","","STATE","OHIO","39","","","","","","","00000000","","PUMPKINS","PUMPKINS - PRODUCTION, MEASURED IN CWT","TOTAL","NOT SPECIFIED","1,340,000",""
"SURVEY","2006","YEAR","","STATE","PENNSYLVANIA","42","","","","","","","00000000","","PUMPKINS","PUMPKINS - PRODUCTION, MEASURED IN CWT","TOTAL","NOT SPECIFIED","1,248,000",""
"SURVEY","2005","YEAR","","STATE","CALIFORNIA","06","","","","","","","00000000","","PUMPKINS","PUMPKINS - PRODUCTION, MEASURED IN CWT","TOTAL","NOT SPECIFIED","1,595,000",""
"SURVEY","2005","YEAR","","STATE","ILLINOIS","17","","","","","","","00000000","","PUMPKINS","PUMPKINS - PRODUCTION, MEASURED IN CWT","TOTAL","NOT SPECIFIED","4,967,000",""
"SURVEY","2005","YEAR","","STATE","MICHIGAN","26","","","","","","","00000000","","PUMPKINS","PUMPKINS - PRODUCTION, MEASURED IN CWT","TOTAL","NOT SPECIFIED","754,000",""
"SURVEY","2005","YEAR","","STATE","NEW YORK","36","","","","","","","00000000","","PUMPKINS","PUMPKINS - PRODUCTION, MEASURED IN CWT","TOTAL","NOT SPECIFIED","795,000",""
"SURVEY","2005","YEAR","","STATE","OHIO","39","","","","","","","00000000","","PUMPKINS","PUMPKINS - PRODUCTION, MEASURED IN CWT","TOTAL","NOT SPECIFIED","1,332,000",""
"SURVEY","2005","YEAR","","STATE","PENNSYLVANIA","42","","","","","","","00000000","","PUMPKINS","PUMPKINS - PRODUCTION, MEASURED IN CWT","TOTAL","NOT SPECIFIED","1,313,000",""
"SURVEY","2004","YEAR","","STATE","CALIFORNIA","06","","","","","","","00000000","","PUMPKINS","PUMPKINS - PRODUCTION, MEASURED IN CWT","TOTAL","NOT SPECIFIED","1,404,000",""
"SURVEY","2004","YEAR","","STATE","ILLINOIS","17","","","","","","","00000000","","PUMPKINS","PUMPKINS - PRODUCTION, MEASURED IN CWT","TOTAL","NOT SPECIFIED","4,572,000",""
"SURVEY","2004","YEAR","","STATE","MICHIGAN","26","","","","","","","00000000","","PUMPKINS","PUMPKINS - PRODUCTION, MEASURED IN CWT","TOTAL","NOT SPECIFIED","1,008,000",""
"SURVEY","2004","YEAR","","STATE","NEW YORK","36","","","","","","","00000000","","PUMPKINS","PUMPKINS - PRODUCTION, MEASURED IN CWT","TOTAL","NOT SPECIFIED","819,000",""
"SURVEY","2004","YEAR","","STATE","OHIO","39","","","","","","","00000000","","PUMPKINS","PUMPKINS - PRODUCTION, MEASURED IN CWT","TOTAL","NOT SPECIFIED","1,116,000",""
"SURVEY","2004","YEAR","","STATE","PENNSYLVANIA","42","","","","","","","00000000","","PUMPKINS","PUMPKINS - PRODUCTION, MEASURED IN CWT","TOTAL","NOT SPECIFIED","1,216,000",""
"SURVEY","2003","YEAR","","STATE","CALIFORNIA","06","","","","","","","00000000","","PUMPKINS","PUMPKINS - PRODUCTION, MEASURED IN CWT","TOTAL","NOT SPECIFIED","1,225,000",""
"SURVEY","2003","YEAR","","STATE","ILLINOIS","17","","","","","","","00000000","","PUMPKINS","PUMPKINS - PRODUCTION, MEASURED IN CWT","TOTAL","NOT SPECIFIED","3,258,000",""
"SURVEY","2003","YEAR","","STATE","MICHIGAN","26","","","","","","","00000000","","PUMPKINS","PUMPKINS - PRODUCTION, MEASURED IN CWT","TOTAL","NOT SPECIFIED","1,022,000",""
"SURVEY","2003","YEAR","","STATE","NEW YORK","36","","","","","","","00000000","","PUMPKINS","PUMPKINS - PRODUCTION, MEASURED IN CWT","TOTAL","NOT SPECIFIED","742,000",""
"SURVEY","2003","YEAR","","STATE","OHIO","39","","","","","","","00000000","","PUMPKINS","PUMPKINS - PRODUCTION, MEASURED IN CWT","TOTAL","NOT SPECIFIED","1,088,000",""
"SURVEY","2003","YEAR","","STATE","PENNSYLVANIA","42","","","","","","","00000000","","PUMPKINS","PUMPKINS - PRODUCTION, MEASURED IN CWT","TOTAL","NOT SPECIFIED","750,000",""
"SURVEY","2002","YEAR","","STATE","CALIFORNIA","06","","","","","","","00000000","","PUMPKINS","PUMPKINS - PRODUCTION, MEASURED IN CWT","TOTAL","NOT SPECIFIED","1,540,000",""
"SURVEY","2002","YEAR","","STATE","ILLINOIS","17","","","","","","","00000000","","PUMPKINS","PUMPKINS - PRODUCTION, MEASURED IN CWT","TOTAL","NOT SPECIFIED","2,988,000",""
"SURVEY","2002","YEAR","","STATE","MICHIGAN","26","","","","","","","00000000","","PUMPKINS","PUMPKINS - PRODUCTION, MEASURED IN CWT","TOTAL","NOT SPECIFIED","816,000",""
"SURVEY","2002","YEAR","","STATE","NEW YORK","36","","","","","","","00000000","","PUMPKINS","PUMPKINS - PRODUCTION, MEASURED IN CWT","TOTAL","NOT SPECIFIED","1,071,000",""
"SURVEY","2002","YEAR","","STATE","OHIO","39","","","","","","","00000000","","PUMPKINS","PUMPKINS - PRODUCTION, MEASURED IN CWT","TOTAL","NOT SPECIFIED","924,000",""
"SURVEY","2002","YEAR","","STATE","PENNSYLVANIA","42","","","","","","","00000000","","PUMPKINS","PUMPKINS - PRODUCTION, MEASURED IN CWT","TOTAL","NOT SPECIFIED","1,170,000",""
"SURVEY","2001","YEAR","","STATE","CALIFORNIA","06","","","","","","","00000000","","PUMPKINS","PUMPKINS - PRODUCTION, MEASURED IN CWT","TOTAL","NOT SPECIFIED","1,464,000",""
"SURVEY","2001","YEAR","","STATE","ILLINOIS","17","","","","","","","00000000","","PUMPKINS","PUMPKINS - PRODUCTION, MEASURED IN CWT","TOTAL","NOT SPECIFIED","3,192,000",""
"SURVEY","2001","YEAR","","STATE","MICHIGAN","26","","","","","","","00000000","","PUMPKINS","PUMPKINS - PRODUCTION, MEASURED IN CWT","TOTAL","NOT SPECIFIED","528,000",""
"SURVEY","2001","YEAR","","STATE","NEW YORK","36","","","","","","","00000000","","PUMPKINS","PUMPKINS - PRODUCTION, MEASURED IN CWT","TOTAL","NOT SPECIFIED","1,344,000",""
"SURVEY","2001","YEAR","","STATE","OHIO","39","","","","","","","00000000","","PUMPKINS","PUMPKINS - PRODUCTION, MEASURED IN CWT","TOTAL","NOT SPECIFIED","944,000",""
"SURVEY","2001","YEAR","","STATE","PENNSYLVANIA","42","","","","","","","00000000","","PUMPKINS","PUMPKINS - PRODUCTION, MEASURED IN CWT","TOTAL","NOT SPECIFIED","988,000",""
"SURVEY","2000","YEAR","","STATE","CALIFORNIA","06","","","","","","","00000000","","PUMPKINS","PUMPKINS - PRODUCTION, MEASURED IN CWT","TOTAL","NOT SPECIFIED","1,800,000",""
"SURVEY","2000","YEAR","","STATE","ILLINOIS","17","","","","","","","00000000","","PUMPKINS","PUMPKINS - PRODUCTION, MEASURED IN CWT","TOTAL","NOT SPECIFIED","3,636,000",""
"SURVEY","2000","YEAR","","STATE","MICHIGAN","26","","","","","","","00000000","","PUMPKINS","PUMPKINS - PRODUCTION, MEASURED IN CWT","TOTAL","NOT SPECIFIED","704,000",""
"SURVEY","2000","YEAR","","STATE","NEW YORK","36","","","","","","","00000000","","PUMPKINS","PUMPKINS - PRODUCTION, MEASURED IN CWT","TOTAL","NOT SPECIFIED","1,140,000",""
"SURVEY","2000","YEAR","","STATE","OHIO","39","","","","","","","00000000","","PUMPKINS","PUMPKINS - PRODUCTION, MEASURED IN CWT","TOTAL","NOT SPECIFIED","925,000",""
"SURVEY","2000","YEAR","","STATE","PENNSYLVANIA","42","","","","","","","00000000","","PUMPKINS","PUMPKINS - PRODUCTION, MEASURED IN CWT","TOTAL","NOT SPECIFIED","1,090,000",""
